Workbook

Sheet Smeta
A1: «Tourist.uz» loyihasi — xarajatlar smetasi (MVP, 12 oy, Samarqand)
A2: USD kursi (so'm): | C2: 12700 | D2: ← kursni o'zgartirsangiz, API qatorlari avtomatik qayta hisoblanadi
A4: № | B4: Bo'lim | C4: Xarajat moddasi | D4: Birlik | E4: Miqdor | F4: Birlik narxi, so'm | G4: Summa, so'm | H4: Izoh
A5: 1 | B5: Dasturiy ta'minot | C5: Mobil ilova (Android + iOS, Flutter) ishlab chiqish | D5: oy | E5: 6 | F5: 4500000 | G5: =E5*F5 | H5: 1 nafar dasturchi, 6 oy
A6: 2 | B6: Dasturiy ta'minot | C6: Backend, veb-platforma va admin panel | D6: oy | E6: 6 | F6: 3500000 | G6: =E6*F6 | H6: 1 nafar dasturchi, 6 oy
A7: 3 | B7: Dasturiy ta'minot | C7: UI/UX dizayn (ilova va sayt) | D7: loyiha | E7: 1 | F7: 4000000 | G7: =E7*F7 | H7: Figma maketlar, brend
A8: 4 | B8: Kontent | C8: Obidalar bo'yicha matnlarni tarixchi-ekspert tekshiruvi | D8: obida | E8: 40 | F8: 150000 | G8: =E8*F8 | H8: AI xatolarini oldini olish
A9: 5 | B9: Kontent | C9: Tarjimalarni ona tili egasi tomonidan tahrirlash | D9: matn×til | E9: 240 | F9: 25000 | G9: =E9*F9 | H9: 40 obida × 6 asosiy til
A10: 6 | B10: Sun'iy intellekt va API | C10: Google Gemini API (matn + ovoz), 12 oy | D10: oy | E10: 12 | F10: =40*$C$2 | G10: =E10*F10 | H10: ~$40/oy, keshlash bilan
A11: 7 | B11: Sun'iy intellekt va API | C11: Xarita va tirbandlik API (Google/Yandex), 12 oy | D11: oy | E11: 12 | F11: =30*$C$2 | G11: =E11*F11 | H11: ~$30/oy, bepul limitdan tashqari
A12: 8 | B12: Infratuzilma | C12: Server (VPS) va ma'lumotlar bazasi, 12 oy | D12: oy | E12: 12 | F12: 250000 | G12: =E12*F12
A13: 9 | B13: Infratuzilma | C13: Domen (.uz) va SSL sertifikat | D13: yil | E13: 1 | F13: 150000 | G13: =E13*F13
A14: 10 | B14: Infratuzilma | C14: App Store ($99) va Google Play ($25) akkauntlari | D14: to'plam | E14: 1 | F14: =124*$C$2 | G14: =E14*F14 | H14: bir martalik / yillik
A15: 11 | B15: Integratsiya | C15: To'lov tizimlarini ulash (Payme, Click, Uzcard/Humo, Visa/MC) | D15: loyiha | E15: 1 | F15: 2000000 | G15: =E15*F15 | H15: test va sertifikatlash
A16: 12 | B16: Marketing | C16: Obidalar yonida QR-stendlar | D16: dona | E16: 40 | F16: 100000 | G16: =E16*F16 | H16: ilovani yuklab olish uchun
A17: 13 | B17: Marketing | C17: SMM, mehmonxona va turoperatorlar uchun flayerlar | D17: loyiha | E17: 1 | F17: 5000000 | G17: =E17*F17 | H17: 3 oylik kampaniya
A18: 14 | B18: Sinov | C18: Samarqandda sayyohlar bilan dala sinovi | D18: loyiha | E18: 1 | F18: 2500000 | G18: =E18*F18 | H18: 2 kishi, 2 hafta
C19: Jami | G19: =SUM(G5:G18)
C20: Kutilmagan xarajatlar (5%) | G20: =ROUND(G19*0.05,0)
C21: UMUMIY SUMMA | G21: =G19+G20
C22: UMUMIY SUMMA, USD | G22: =G21/$C$2

Sheet Bo'limlar bo'yicha
A1: Bo'lim | B1: Summa, so'm | C1: Ulushi
A2: Dasturiy ta'minot | B2: =SUMIF(Smeta!B5:B18,A2,Smeta!G5:G18) | C2: =B2/SUM($B$2:$B$8)
A3: Kontent | B3: =SUMIF(Smeta!B5:B18,A3,Smeta!G5:G18) | C3: =B3/SUM($B$2:$B$8)
A4: Sun'iy intellekt va API | B4: =SUMIF(Smeta!B5:B18,A4,Smeta!G5:G18) | C4: =B4/SUM($B$2:$B$8)
A5: Infratuzilma | B5: =SUMIF(Smeta!B5:B18,A5,Smeta!G5:G18) | C5: =B5/SUM($B$2:$B$8)
A6: Integratsiya | B6: =SUMIF(Smeta!B5:B18,A6,Smeta!G5:G18) | C6: =B6/SUM($B$2:$B$8)
A7: Marketing | B7: =SUMIF(Smeta!B5:B18,A7,Smeta!G5:G18) | C7: =B7/SUM($B$2:$B$8)
A8: Sinov | B8: =SUMIF(Smeta!B5:B18,A8,Smeta!G5:G18) | C8: =B8/SUM($B$2:$B$8)

Sheet Daromad prognozi
A1: Ko'rsatkich (2-yil, Samarqand) | B1: Qiymat
A2: Chipta xarid qilgan foydalanuvchilar | B2: 20000
A3: O'rtacha chek (chiptalar), so'm | B3: 150000
A4: Komissiya | B4: 0.06
A5: Komissiyadan daromad, so'm | B5: =B2*B3*B4
A6: Premium audio-gid xaridlari | B6: 3000
A7: Premium narxi, so'm | B7: =2.5*Smeta!C2
A8: Premiumdan daromad, so'm | B8: =B6*B7
A9: Reklama va B2B, so'm | B9: 80000000
A10: JAMI DAROMAD, so'm | B10: =B5+B8+B9
A11: Loyiha xarajati, so'm | B11: =Smeta!G21
A12: O'zini oqlash muddati, oy (taxminiy) | B12: =ROUND(B11/(B10/12),1)
A14: Diqqat: bu prognoz taxminiy, himoyada shunday deb ko'rsating.
